<?xml version='1.0' encoding='UTF-8'?>
<package version="0.0.0" uuid="basique-9f6a11">
 <names>
  <name lang="en_US">basique</name>
 </names>
 <supportedLanguages>
  <language>en_US</language>
 </supportedLanguages>
 <descriptionLanguages>
  <language>en_US</language>
 </descriptionLanguages>
 <contents>
  <behaviorContent path="behavior_1">
   <userRequestable/>
   <nature>interactive</nature>
   <permissions/>
  </behaviorContent>
  <behaviorContent path="behaviour2">
   <nature>interactive</nature>
   <permissions/>
  </behaviorContent>
  <behaviorContent path="gr">
   <nature>interactive</nature>
   <permissions/>
  </behaviorContent>
  <dialogContent typeVersion="1.0" topicName="testdial">
   <topic language="en_US" path="testdial/testdial_enu.top"/>
  </dialogContent>
 </contents>
</package>
